Test No. ,Feature Tested ,Expected  Outcome ,Actual ,Status ,Priority ,Notes ,
,,,Outcome ,,,,
T001,Navigation consistency,Links direct accurately   ,Successful ,Pass,Low,Fine,
T002,Product visibility,Accurate product rendering     ,Verified,Pass,Medium,Working well,
T003,Dynamic Working,Pages,Functional,Pass,High,Working well,
,,Rendering,,,,,
,,Without Issue,,,,,
T004, Cart functionality,Seamless add/remove operation,Confirmed,Pass,High,Fine,
T005,Login/SignUp,Under,404,Fail,Low,None,
,,Construction,,,,,
T006,Performance benchmarks,Score ≥ 98,Archived 94,Fail,Medium,Requires Tuning ,
T007, Accessibility  ,Score ≥ 90,Reached 90,Pass,Medium, Maintain compliance,
,,,,,,,
